name,r2,mae,rmse
LinearRegression,0.8755533801938011,325117.35608959146,488827.52309187397
DecisionTree,0.9312613702420312,180002.17229087508,363299.2768842156
RandomForest,0.9707130753150076,130982.08825155356,237137.90748315796
